,STN code,Monitoring Location,Year,Type Water Body,State Name,Temperature (C) - Min,Temperature (C) - Max,Dissolved - Min,Dissolved - Max,pH - Min,pH - Max,Conductivity (¬µmho/cm) - Min,Conductivity (¬µmho/cm) - Max,BOD (mg/L) - Min,BOD (mg/L) - Max,NitrateN (mg/L) - Min,NitrateN (mg/L) - Max,Fecal Coliform (MPN/100ml) - Min,Fecal Coliform (MPN/100ml) - Max,Total Coliform (MPN/100ml) - Min,Total Coliform (MPN/100ml) - Max,Fecal - Min,Fecal - Max
24,1614,"RIVER BETWA NEAR WATER SUPPLY INTAKE WELL , VIDISHA(M.P)",2022,RIVER,MADHYA PRADESH,17,32,4.7,12.4,6.96,8.25,149,710,1.4,5,2.88,10.44,3,70,120,350,BDL,BDL
25,2107,"RIVER BETWA AT U/S AT MAHUTA GHAT, AGASOD, BINA",2022,RIVER,MADHYA PRADESH,21,31,6,7.5,7.32,8.22,215,551,1.1,1.8,0.33,2.25,2,5.6,27,79,BDL,BDL
26,2108,"RIVER BETWA AT M/S J.P. THERMAL POWER, BINA",2022,RIVER,MADHYA PRADESH,21,31,6.1,7.8,7.36,8.32,216,566,1.1,1.9,0.34,2.11,2,2,26,63,BDL,BDL
27,2124,"RIVER BETWA AT CHARANTIRGHAT, VIDISHA",2022,RIVER,MADHYA PRADESH,5,32,5,13.6,7.32,8.86,164,1056,1.2,20.4,5.2,14.59,3,280,120,1600,BDL,BDL
28,2125,RIVER BETWA D/S AFTER MIXING OF RIVER BAIS AT VIDISHA,2022,RIVER,MADHYA PRADESH,18,32,5.5,13.3,7.08,8.27,154,1094,1.5,16.8,3.02,16.28,6,170,150,1600,BDL,BDL
29,3832,RIVER BETWA AT U/S NEAR ROAD BRIDGE ORCHHA,2022,RIVER,MADHYA PRADESH,22,30,6.6,7.5,7.28,8.38,199,532,1.1,2.1,0.32,0.53,BDL,BDL,22,84,BDL,BDL
30,30080,"RIVER BETWA AT KANJIA ROAD BRIDGE, KANJIA DIST.ASHOK NAGAR (M.P.)",2022,RIVER,MADHYA PRADESH,21.4,32.6,7.9,10.2,7.83,8.14,285,499,1.6,3.3,0.32,1.9,2000,22000,4500,790000,BDL,BDL
31,2953,"RIVER KALI SINDH AT ANICUT OF M/S CFCL GADEPAN, KOTA, RAJASTHAN",2022,RIVER,RAJASTHAN,21,34,3.7,5.6,7.98,8.46,390,808,1.2,2.2,0.83,2.62,33,84,75,220,23,38
32,2956,"RIVER KALI SINDH AT BAROD ROAD BRIDGE, KOTA, RAJASTHAN",2022,RIVER,RAJASTHAN,22,34,3.7,5.1,8.15,8.56,485,1445,1.2,2.1,1.71,2.97,23,84,64,210,14,25
33,2951,"RIVER BANAS BISULPUR DAM, TONK, RAJASTHAN",2022,RIVER,RAJASTHAN,17,32,3.7,6.2,8.1,8.55,525,819,1.1,2.1,0.84,3.43,49,110,110,280,17,32
35,2955,"RIVER CHAMBAL ENTERING IN RAJASTHAN AT GANDHI SAGAR DAM, RAWATBHATA,CHITTORGARH",2022,RIVER,RAJASTHAN,17,31,5,6.6,7.1,8.38,330,682,1.1,3.6,1.21,3.42,90,140,210,280,21,29
36,3309,"RIVER CHAMBAL AT TAL VILLAGE NEAR BRIDGE, UJJAIN",2022,RIVER,MADHYA PRADESH,22,30,6.4,7.7,7.26,8.05,192,2057,2,6,0.66,2.62,6,920,48,1600,2,2
37,4349,"SEA WATER, BAY OF BENGAL, AFTER CONFLUENCE OF MARINE OUTFALL OF M/S.AUROBINDO PHARMA LTD. PYDIBHEEMAVARAM (V), RANASTHALAM (M)",2022,MARINE,ANDHRA PRADESH,21,30,5.2,7.2,7.4,8.4,13800,57300,1.2,2.5,0.32,1.38,3,7,48,120,-,-
38,4352,"SEA WAER BAY OF BENGAL, AFTER CONFLUENCE OF MARINE OUTFALL OF M/S MATRIX LABORATORIES LTD THAMMAYYAPALEM (V) PUSAPATIREGA (M)",2022,MARINE,ANDHRA PRADESH,25,28,5.2,6.6,7.7,8.5,32200,56400,1.4,2.8,0.32,0.88,3,11,39,210,-,-
39,4357,"RUSHIKONDA BEACH,VISAKHAPATNAM",2022,BEACH,ANDHRA PRADESH,25,29,4.8,7,7.7,8.5,31700,55700,1.2,2.9,0.32,1.13,3,14,39,150,-,-
40,4361,"SEA WATER BAY BENGAL, UPPADA BEACH ROAD, KAKINADA",2022,BEACH,ANDHRA PRADESH,25,28,4.5,7.9,7.8,8.5,4800,51400,2.2,2.8,0.42,1.32,3,20,48,150,-,-
41,4362,"SEA WATER, BAY OF BENGAL NEAR DEEP WATER PORT, KAKINADA (1KM AWAY FROM JETTY)",2022,SEA,ANDHRA PRADESH,25,27,5.3,8,7.4,8.4,861,50300,2.2,3.9,0.82,3.32,4,23,75,460,-,-
42,4363,"SEA WATER BAY OF BENGAL NEAR KUMBHABHISHEKAM TEMPALE, KAKINADA",2022,SEA,ANDHRA PRADESH,24,26,5.7,7.5,7.1,8.2,481,47000,2.2,2.8,0.9,4.27,3,21,64,460,-,-
43,4371,"SEA WATER, BAY OF BENGAL AFTER CONFLUENCE OF RIVER VASHISTA GODAVARI AT CHINNAMAINAVARILANKA (V), NARSAPUR (M)",2022,MARINE,ANDHRA PRADESH,22,30,5.1,8,7.8,8.4,7300,51500,1.3,2,0.38,1.15,3,14,49,120,-,-
44,4378,"SEA WATER, BAY OF BENGAL, MANGINAPUDI BEACH, MACHILIPATNAM (V & M)",2022,BEACH,ANDHRA PRADESH,25,27,5.5,6.8,7.5,8,38200,58500,2.4,2.8,0.83,1.82,3,11,75,252,2,4
45,4383,"SEA WATER BAY OF BENGAL, FISHING HARBOUR, NIZAMPATNAM (V & M)",2022,MARINE,ANDHRA PRADESH,22,24,4.6,6.7,7.3,8,26000,56200,2.3,2.9,0.74,1.93,3,13,64,272,2,5
46,4385,"SEA WATER, BAY OF BENGAL, KOTHAPATNAM BEACH",2022,BEACH,ANDHRA PRADESH,22,26,5.1,6.6,7.5,8.3,33120,57680,2.3,2.8,0.72,1.81,3,18,64,354,2,6
47,4386,"SEA WATER, BAY OF BENGAL, VODAREVU BEACH, CHIRALA",2022,BEACH,ANDHRA PRADESH,22,25,5.4,6.7,7.6,8.1,32900,56900,2.6,2.9,0.72,1.66,3,10,75,210,2,5
48,4387,"SEA WATER, BAY OF BENGAL, KRISHNAPATNAM PORT",2022,MARINE,ANDHRA PRADESH,19,21,5.6,6.7,7.2,8,31200,52900,2.4,2.9,0.42,1.53,3,11,64,243,2,4
49,4013,TIRACOL BEACH,2022,BEACH,GOA,28,30,5.9,7.5,7.2,8.3,30500,52560,1,2.3,0.32,2.27,13,350,23,540,5,170
50,4014,MIRAMAR BEACH,2022,BEACH,GOA,28,32,5.9,7.6,7.7,8.5,8856,55850,1,2,0.32,0.38,79,350,110,540,23,94
51,4015,CALANGUTE BEACH,2022,BEACH,GOA,27,30,5.7,7.5,7.4,8.4,29950,53320,1,1.9,0.32,0.42,49,350,79,540,4,94
52,4016,MORJIM BEACH,2022,BEACH,GOA,28,30,5.5,7.3,7.3,8.7,15820,56510,1,2.1,0.32,0.32,13,220,23,280,8,110
53,3051,"BUDAMERU CANAL NEAR BDG AT NH-5, KEESARAPALLI (V), GANNAVARAM (M)",2023,CANAL,ANDHRA PRADESH,24,25,1.6,3.1,6.7,8,810,1100,9,23,2.7,7.9,120,260,1100,4900,11,11
54,4356,"ELERU CANAL, NEAR PHARMA CITY,THADI (V),PARAVADA (M)",2023,CANAL,ANDHRA PRADESH,25,30,4.5,6.5,7.3,8.3,275,75,1.1,2.8,0.3,0.9,3,21,75,460,2,2
56,2354,"SAMARLA KOTA CANAL,SAMARLA KOTA (V & M)",2023,CANAL,ANDHRA PRADESH,25,27,3.4,7,6.3,8.4,241,64,2.4,5.2,0.3,2.9,7,28,64,1100,4,4
60,2265,"CANAL UP STREAM OF CUNCOLIM INDL.EST. CUNCOLIM, SALCETE (1 KM FROM M/S NICOMENT INDUSTRIES)",2023,CANAL,GOA,27,31,5,7.4,5.7,7.3,33,1400,1,1.7,0.3,0.8,1100,2200,1400,9200,140,140
61,2266,"CANAL DOWNSTREAM OF CUNCOLIM INDL.EST. CUNCOLIM, SALCETE (NEAR RAILWAY BRIDGE)",2023,CANAL,GOA,26,31,4.4,8.2,5.9,7.4,32,400,1,2,0.3,1.6,200,2700,400,7900,78,78
62,2268,CUMBARJUA CANAL CORLIM(DISCHARGE POINT OF SYNGENTA LIMITED),2023,CANAL,GOA,26,30,4.2,7.5,6.7,7.8,335,920,1.1,1.9,0.3,0.6,140,2700,920,3500,79,79
64,5521,"NEAR AZARA RAILWAY STATION, GANAKPARA CHAKARDOI",2023,LAKE,ASSAM,23,34,5.1,9.6,6.6,8,236,302,3.5,5.8,1.3,2.1,2,1500,360,3500,2,490
65,5522,AT THE CENTER OF DEEPORBEEL,2023,LAKE,ASSAM,23,32,5.6,10.4,7,9.2,238,316,5,6,1.2,2.4,300,730,2,1600,2,240
66,3821,"DIPLAI BEEL AT SILGARA, KOKRAJHAR",2023,LAKE,ASSAM,21,34,5.2,5.6,7,7.6,118,136,1.9,2.5,0.8,2,300,360,720,1400,95,150
67,5619,DOLOO LAKE AT CACHAR,2023,LAKE,ASSAM,23,27,5.1,5.5,6.8,7.4,132,142,2.3,5.5,0.7,1.1,300,620,730,1500,95,290
68,1263,"ELANGABEEL SYSTEM (CONNECTED TO R. KOLONG), ASSAM",2023,LAKE,ASSAM,16,34,4.3,5.5,7,7.5,236,280,2.3,2.8,1,2.2,300,730,720,2000,95,240
69,5623,"HAFLONG LAKE, HAFLONG TOWN",2023,LAKE,ASSAM,17,24,5.1,5.8,6.8,7.2,129,192,2.2,2.6,0.8,1,300,360,620,1500,95,150
70,3787,"HOLLUNGA BEEL NEAR GAI NADI/ RIVER AT SOMARAJAN, DHEMA JI",2023,LAKE,ASSAM,22,24,4.5,7.8,6.9,7.3,96,148,2,2.6,0.6,2,300,620,600,1300,95,210
71,5617,"JUGIBEEL , GOLAGHAT",2023,LAKE,ASSAM,21,34,5,8,6.8,7.7,92,106,2,2.6,0.6,0.9,300,360,620,1500,95,150
72,4337,"KAMALABARI LAKE INSIDE KAMALABARI CHILDREN'S PARK, GELEKY",2023,LAKE,ASSAM,19,32,5.1,7.4,6.6,7.5,78,106,1.9,2.5,0.6,1.4,720,360,600,910,110,140
73,3812,"KAMALPUR BEEL, KAMALPUR",2023,LAKE,ASSAM,20,37,0.3,6.2,7.1,7.7,1007,1062,21,26.2,2,3.6,360,2100,1500,3600,210,490
74,5621,"LAUKHOWABEEL,DHUBRI",2023,LAKE,ASSAM,22,35,5,5.6,7,7.5,122,162,2.1,2.6,0.6,1.1,620,720,720,2000,95,210
75,3783,"MAGURI BEEL, GUIJAN, TINSUKIA",2023,LAKE,ASSAM,23,27,5.1,9.7,6.6,7.2,110,168,1.9,2.7,0.5,1.8,360,620,730,1500,95,210
76,5622,"MAGURI BEEL NEAR BRIDGE,TINSUKIA",2023,LAKE,ASSAM,22,26,5,9.5,6.7,8,120,162,1.8,2.7,0.6,1.2,300,360,610,1400,93,160
77,3800,MALINI BEEL NEAR INDUTRIAL AREA AT RAMNAGAR,2023,LAKE,ASSAM,22,24,4,5.5,6.5,7.3,132,172,2.1,2.7,0.8,1.7,300,600,910,1400,95,210
78,2205,"MER BEEL AT MADHABPUR, ASSAM",2023,LAKE,ASSAM,22,23,5,7.1,6.8,7.3,120,154,2,2.4,0.6,1.8,730,620,720,1500,95,210
79,5620,"PANIDIHING BIRD SANCTUARY ,SIVASAGAR",2023,LAKE,ASSAM,21,39,5.1,6.1,6.8,7.4,92,112,2,2.4,0.7,1.2,300,910,1100,2100,180,340
80,3808,PARASHALI BEEL AT DEMORIA,2023,LAKE,ASSAM,21,34,5,7.2,7,7.5,102,138,2,2.7,0.7,2.6,300,610,600,1400,95,210
81,3798,SAMAGURI BEEL IN NAGAON DISTRICT,2023,LAKE,ASSAM,16,34,4.9,5.9,6.8,7.3,90,120,2,2.5,0.6,1.7,300,620,910,1400,95,210
82,2215,"SARAN BEEL, ASSAM",2023,LAKE,ASSAM,18,36,5.3,9.3,6.8,8,84,128,1.8,2.5,0.4,1.6,300,360,620,1100,93,150
83,3814,"SILSAKO BEEL, CHACHAL, GUWAHATI",2023,LAKE,ASSAM,18,30,0.3,4.6,7,7.5,370,446,10.6,19.2,0.7,2,1500,2800,2700,3600,460,490
84,3804,SON BEEL WATER AT KARIMGANJ,2023,LAKE,ASSAM,20,24,4.5,6.9,6.8,7.3,112,136,2,2.8,0.7,1.2,300,620,910,1200,95,210
85,3819,"SORU SOLA BEEL, PALTAN BAZAR, GUWAHATI",2023,LAKE,ASSAM,19,30,0.3,1.1,7,7.5,370,440,14.6,25.8,0.7,5.6,2800,3600,4200,5300,460,490
86,2225,"BASKANDI POND INSIDE THE BASKANDI MADRASA, BASKANDI, ASSAM",2023,POND,ASSAM,19,23,4.1,5.6,6.8,7.3,90,126,2,2.9,0.7,1.1,620,620,910,1300,95,210
87,2214,"BATODRAWA SATRA POND, NAGAON, ASSAM",2023,POND,ASSAM,18,32,5,7.6,6.7,7.8,81,112,1.8,2.7,0.8,1.9,300,360,730,1200,95,240
88,2219,"BISHNU PUSKAR PUKHURI OF HAYAGRIB MADHAB TEMPLE, HAJO, ASSAM",2023,POND,ASSAM,22,34,6.1,10.9,6.8,7.8,174,262,2,2.6,0.5,1.8,300,730,720,2000,93,210
89,2208,"BORPUKHURI, NAZIRA, ASSAM",2023,POND,ASSAM,20,34,5.2,7.9,6.8,7.5,92,114,1.9,2.8,0.7,1.2,300,360,700,910,110,140
90,3772,BORPUKHURI AT SONARI,2023,POND,ASSAM,21,36,5.1,8.4,6.8,7.8,98,128,2.1,2.8,0.5,1.1,300,360,700,1100,110,140
91,2216,"DIGHALI PUKHURI, GUWAHATI, ASSAM",2023,POND,ASSAM,20,36,5.1,10,7.9,8.2,168,192,2.3,2.8,0.6,1.6,360,730,1400,1600,120,290
92,2221,"GANGA PUKHURI, NALBARI (GORDON SCHOOL), ASSAM",2023,POND,ASSAM,22,35,5.4,10.1,7,7.9,102,130,2,2.6,0.5,1.7,300,360,600,1400,95,160
93,2209,"GAURISAGAR TANK, GAURISAGAR, ASSAM",2023,POND,ASSAM,22,35,5,7.5,6.7,7.5,97,128,1.6,2.7,0.7,1.5,360,910,730,1500,110,340
94,2212,"GOPHUR TANK, GOPHUR, ASSAM",2023,POND,ASSAM,21,30,6.8,7.3,6.8,7.6,138,192,2,2.7,0.6,1.7,300,620,910,1200,95,210
95,2227,"HARDOI PUKHURI, CHARAIDEW, ASSAM",2023,POND,ASSAM,21,35,5.7,8.1,6.7,7.5,88,112,2,2.8,0.6,1.1,300,730,600,1500,110,280
96,2213,"JAIPAL PUKHURI, SIPAJHAR, ASSAM",2023,POND,ASSAM,20,34,7,7.3,6.8,7.5,136,178,2,2.5,0.9,1.7,300,920,730,1600,95,290
97,1532,"JAYSAGAR TANK, SIVASAGAR, ASSAM",2023,POND,ASSAM,20,32,5.1,7.6,6.9,7.6,102,122,1.8,2.6,0.6,1,300,360,600,910,110,140
98,3809,JORPUKHURI AT UZANBAZAR (UGRATALA TEMPLE),2023,POND,ASSAM,20,31,5,7.7,6.9,7.8,322,364,2.1,2.8,0.7,5,300,940,1400,2000,95,290
99,2223,"MAHAMAYA MANDIR PUKHURI, ASSAM",2023,POND,ASSAM,22,35,5,5.4,6.9,7.6,94,126,1.8,2.5,0.7,1.7,300,620,720,1600,95,210
100,4006,NETAI PUKHURI AT NETAI PUKHURI,2023,POND,ASSAM,22,35,5.6,7.6,6.7,7.4,90,120,2.1,2.6,0.6,1.1,300,360,720,730,100,140
101,2211,"PADUMPUKHURI, TEZPUR, ASSAM",2023,POND,ASSAM,20,34,6.8,7.2,6.9,7.6,186,240,2.2,2.7,0.6,1.6,300,730,600,1500,95,240
102,2222,"RAJADINIA PUKHURI AT ABHAYAPURI, ASSAM",2023,POND,ASSAM,23,38,5.1,5.4,6.9,7.5,132,156,2,2.5,0.7,2,300,620,910,1300,93,210
103,2224,"RAJAPUKHURI AT GAURIPUR, ASSAM",2023,POND,ASSAM,22,35,5,5.5,6.9,7.4,110,150,2,2.6,0.7,1.8,300,620,730,1400,95,240
104,2210,"RAJMAW PUKHURI, JORHAT, ASSAM",2023,POND,ASSAM,23,36,5.3,7.9,6.9,7.9,90,130,2,2.7,0.6,1.4,300,730,720,1100,110,270
105,3806,POND WATER FROM RAMKRISHNA MISSION AT HAILAKANDI,2023,POND,ASSAM,22,24,5.1,6.2,6.5,7.2,120,156,2.3,2.9,0.7,1.1,300,620,910,1400,95,210
106,2226,"SIVASAGAR TANK (BORPUKHURI) NEAR SIVADOL, ASSAM",2023,POND,ASSAM,21,34,5.2,7.9,6.8,7.6,70,120,2,2.8,0.6,1.3,300,360,730,1100,100,1100
107,2217,"SUBHAGYA KUNDA POND KAMAKHYA TEMPLE, GUWAHATI, ASSAM",2023,POND,ASSAM,20,32,5,8.5,6.8,7.6,240,278,2.2,2.8,0.6,1.8,300,910,1100,2000,95,290
108,3775,TENGA PUKHURI AT TENGAPUKHURI,2023,POND,ASSAM,21,35,5.2,8.1,6.6,7.7,96,112,1.9,2.5,0.7,1,300,730,730,1500,110,280
109,4334,"THOWRADOLE PUKHURI, THOWRADOLE G.P. DEMOW BLOCK",2023,POND,ASSAM,22,36,5,7.8,6.6,7.4,80,108,2,2.6,0.7,1.2,300,360,620,910,110,140
